23667	б.
15872	ж.
11365	Б.
9624	А.
6268	Ф.
4990	К.
4977	М.
4211	В.
3835	С.
3657	И.
3380	О.
2992	ж.б.
2765	Т.
2401	Н.
2358	Г.
2333	Ж.
2126	к.
1966	Ү.
1905	Д.
1894	с.
1789	т.
1741	П.
1721	м.
1524	а.
1405	Э.
1231	Л.
1213	Р.
1132	Ш.
1089	ч.
1041	з.
843	Ч.
678	У.
674	о.
612	ш.
595	Ш.М.
512	Е.
473	Ө.
469	и.
434	Ю.
385	у.
365	Х.
338	б.а.
333	э.
298	Б.Ч.
297	Б.Ш.
293	г.
284	п.
274	ө.
232	д.
230	А.А.
194	З.
188	Ы.
179	б.з.ч.
177	б.т.
148	п.л.
130	Ү.А.
117	В.И.
114	Ц.
106	В.В.
103	Ө.Ж.
91	к.ж.
89	Й.
87	н.
85	А.С.
83	С.М.
79	х.
77	б.з.
75	р.
72	А.Н.
71	Н.А.
70	К.И.
70	ж.б.у.с.
69	ф.
60	Т.К.
54	А.П.
52	к.н.
45	л.
43	ж.у.с.
40	в.
40	Б.з.ч.
38	М.В.
38	А.В.
37	А.М.
34	А.И.
33	Л.Н.
32	ү.
32	С.А.
31	Т.Н.
28	Н.Н.
28	В.А.
27	т.а.
27	К.н.
27	И.В.
26	М.И.
26	д.у.с.
25	ы.
25	Н.М.
23	С.Е.
23	Н.В.
23	Б.У.
22	В.Г.
21	Л.А.
21	Г.Н.
21	В.М.
19	С.В.
19	Л.П.
19	К.П.
19	Д.И.
19	Б.М.
19	А.Г.
18	Б.С.
18	А.Ж.
17	И.А.
16	ц.
16	о.э.
16	Н.Ф.
16	М.С.
16	М.Д.
16	М.А.
16	Д.А.
16	А.К.
16	а.и.
15	Ю.А.
15	У.Н.
15	С.Г.
15	Н.И.
15	М.Т.
15	ж.ж.
15	Д.Г.
15	А.Д.
14	П.И.
14	Н.К.
14	Г.А.
14	Б.а.
14	А.Е.
13	Ю.С.
13	С.П.
13	М.Е.
13	И.И.
13	В.Ф.
13	В.П.
12	С.Д.
12	М.М.
12	К.З.
12	И.М.
12	Д.М.
12	Б.з.
12	А.Т.
12	А.к.
11	Т.к.
11	С.И.
11	Р.Г.
11	М.Ю.
11	К.К.
11	Е.Е.
11	В.Д.
10	Т.А.
10	ө.ж.
10	Н.П.
10	Г.В.
10	В.Н.
10	Б.Х.
9	Щ.
9	П.П.
9	Н.Г.
9	К.Ш.
9	К.т.
9	И.Б.
9	б.э.ч.
8	Ф.И.
8	т.и.д.
8	П.К.
8	М.Г.
8	Л.В.
8	И.С.
8	Ж.К.
8	ж.б.у.
8	е.
8	Г.И.
8	В.Л.
8	А.Ф.
7	Ю.В.
7	Э.Р.
7	Т.Т.
7	Т.М.
7	Т.к.к.
7	П.Н.
7	П.М.
7	Л.Р.
7	Л.Д.
7	К.Т.
7	К.к.
7	К.Д.
7	К.А.
7	И.П.
7	И.Г.
7	Е.П.
7	д.а.
7	Г.С.
7	Б.К.
7	А.с.
7	А.О.
6	Ф.ж.с.
6	Ф.А.
6	Т.ш.
6	т.и.к.
6	Т.Д.
6	Т.Б.М.М.
6	П.А.
6	О.К.
6	Л.Ф.
6	Л.С.
6	И.Е.
6	Е.И.
6	Е.Д.
6	Е.А.
6	В.С.
6	Б.В.
6	А.Л.
5	Ю.И.
5	ю.
5	Э.А.
5	щ.
5	С.С.
5	С.К.
5	С.Ж.
5	Р.З.
5	Р.ж.э.
5	Р.А.
5	Н.С.
5	Н.Л.
5	М.П.
5	М.Н.
5	М.Б.
5	К.Ф.
5	К.С.
5	К.М.
5	И.Н.
5	Ж.У.
5	Ж.Б.
5	Д.Б.
5	Г.Х.
5	В.К.
5	Б.с.
5	Б.Н.
5	б.б.
5	Б.А.
5	А.б.
4	Э.В.
4	у.с.
4	Т.С.
4	Т.а.
4	С.Т.
4	С.Н.
4	П.С.
4	П.н.
4	П.Л.
4	п.и.д.
4	О.э.
4	М.Ч.
4	М.с.
4	м.а.
4	Л.Г.
4	И.К.
4	Ж.Т.
4	ж.д.у.с.
4	Ж.б.
4	Д.Н.
4	Г.о.
4	Г.М.
4	Г.Г.
4	Б.т.
4	Б.О.
4	Б.Е.
4	А.а.
3	я.
3	Э.Т.
3	Э.М.
3	Э.к.
3	Ш.Д.
3	Ч.Ч.
3	Х.т.
3	Ф.х.
3	ф.и.к.
3	ф.и.д.
3	У.д.п.
3	Т.И.
3	С.Б.
3	Р.С.
3	Р.К.
3	п.б.
3	О.Ф.
3	О.В.
3	н.э.
3	Н.Т.
3	М.О.
3	М.К.
3	Л.М.
3	Л.И.
3	К.Э.
3	К.Н.
3	І.
3	И.Ф.
3	И.Р.
3	З.Ч.
3	З.Г.
3	Ж.Ш.
3	Ж.С.
3	Ж.к.
3	Ж.Ж.
3	Ж.А.
3	Е.Н.
3	Е.М.
3	Е.В.
3	Д.Ф.
3	Д.Т.
3	Д.С.
3	д.п.н.
3	Г.Е.
3	Г.Д.
3	Г.Б.
3	б.э.
3	б.у.с.
3	Б.с.к.
3	Б.Ө.
3	Б.н.
3	Б.Л.
3	А.я.
3	а.ч.
3	А.т.
3	А.Р.
3	А.Б.
3	а.б.
2	Ю.Ц.
2	Ю.Н.
2	Э.Ш.
2	Э.Ф.
2	Э.У.
2	Э.К.
2	Э.И.
2	Ш.Ж.
2	Ч.Ш.
2	Ф.Э.
2	Ф.Ф.
2	Ф.Т.
2	Ф.Р.
2	Ф.М.
2	Ф.В.
2	Т.ф.
2	Т.У.
2	Т.с.
2	Т.О.
2	Т.Ж.
2	т.ж.
2	Т.б.п.
2	С.с.
2	С.О.
2	Р.Р.
2	Р.О.
2	Р.В.
2	Р.Б.
2	Р.а.
2	О.Н.
2	О.б.п.
2	О.А.
2	Н.Е.
2	Н.Д.
2	М.Э.
2	М.Ф.
2	М.Ө.
2	м.а.б.
2	К.у.
2	к.т.
2	К.с.
2	К.О.
2	К.м.
2	К.и.
2	К.Г.
2	К.б.
2	к.б.
2	И.Ю.
2	И.Т.
2	И.к.
2	И.Д.
2	з.ч.
2	З.Л.
2	З.А.
2	З.а.
2	Ж.Ф.
2	ж.у.
2	ж.т.
2	ж.с.
2	Ж.П.
2	Ж.М.
2	Ж.Л.
2	Ж.И.
2	Ж.Г.
2	Е.К.
2	д.у.
2	Д.Е.
2	Г.Ю.
2	Г.Ф.
2	Г.Т.
2	Г.П.
2	Г.О.
2	г.г.
2	В.Р.
2	В.О.
2	Б.ч.
2	б.ч.
2	Б.х.
2	Б.Ф.
2	б.у.
2	Б.Т.
2	Б.П.
2	Б.к.
2	Б.ж.с.
2	Б.Ж.
2	б.д.ч.
2	Б.б.
2	А.Ю.
2	А.Х.
2	А.н.
2	А.м.
2	А.а.с.а.
1	я.м.р.
1	я.м.
1	Ю.Ф.
1	Ю.Р.
1	Ю.М.
1	Ю.Д.
1	Ю.Б.
1	Э.Х.
1	Э.с.
1	Э.О.
1	Э.к.к.
1	Э.Д.
1	Э.д.
1	Э.г.
1	Э.Б.
1	Ы.Т.
1	Ы.Д.
1	Ш.Х.
1	ш.т.
1	Ш.С.
1	Ш.м.
1	Ш.К.
1	Ш.ж.
1	Ш.А.
1	Ч.Х.
1	ч.Т.г.
1	Ч.Т.
1	ч.ө.б.
1	Ч.И.
1	Ц.х.
1	Х.ф.
1	Х.Т.ч.
1	Х.Т.
1	Х.Р.
1	Х.М.
1	Х.К.
1	х.к.
1	х.и.к.
1	х.ж.
1	Х.Д.
1	Х.А.
1	Х.а.
1	Ф.э.
1	Ф.Ш.
1	Ф.Х.
1	Ф.С.
1	Ф.Н.
1	Ф.к.
1	Ф.ж.
1	ф.д.
1	Ф.Г.
1	Ф.а.
1	Ү.ж.
1	Ү.Б.
1	У.Ч.
1	У.У.
1	У.С.
1	У.Р.
1	у.п.
1	У.М.
1	У.м.
1	У.Ж.
1	У.А.
1	Т.Э.
1	Т.э.
1	Т.Ш.
1	Т.ч.
1	Т.ф.м.
1	Т.Ф.
1	Т.Р.
1	Т.п.к.з.
1	т.н.
1	Т.Л.
1	т.к.
1	Т.З.
1	т.е.
1	Т.Г.
1	Т.В.
1	Т.Б.Б.М.
1	С.Ю.
1	С.Э.
1	С.Ш.
1	с.Ш.
1	С.Ц.
1	С.Ф.
1	С.ф.
1	С.У.
1	С.Р.
1	С.П.Б.
1	С.п.
1	С.Ө.
1	с.о.
1	С.Л.
1	С.Е.С.А.
1	Р.Э.
1	Р.э.
1	Р.т.
1	Р.М.
1	Р.Л.
1	Р.И.
1	Р.Д.
1	П.Ф.
1	П.т.
1	п.и.к.
1	П.Г.
1	Ө.Ш.
1	Ө.Т.
1	Ө.с.у.
1	Ө.п.
1	Ө.К.
1	Ө.ж.
1	Ө.Б.Ы.
1	О.Э.
1	О.Х.
1	О.Т.
1	О.т.
1	О.П.
1	О.М.
1	О.к.
1	О.И.
1	О.Г.
1	Н.Э.
1	Н.О.
1	Н.З.
1	Н.Б.
1	М.э.
1	М.Ш.
1	М.Х.
1	м.ү.
1	М.т.
1	М.Р.
1	М.м.м.
1	М.м.
1	М.к.м.
1	М.к.
1	М.З.
1	М.ж.
1	Л.Э.
1	Л.Х.
1	Л.Т.
1	Л.С.А.
1	Л.Н.Т.
1	Л.Ж.
1	Л.Е.
1	Л.Б.
1	Л.а.
1	К.ш.т.
1	К.ч.
1	К.х.
1	К.Р.
1	к.ө.
1	К.о.
1	к.к.
1	К.И.Н.
1	К.Ж.
1	К.Е.
1	К.г.
1	К.В.
1	И.Э.
1	И.Х.
1	И.Л.
1	И.г.
1	И.б.
1	З.Х.
1	з.т.
1	З.М.
1	З.И.
1	З.д.
1	Ж.у.б.к.
1	Ж.с.б.
1	Ж.с.
1	ж.о.э.
1	ж.О.
1	ж.к.б.
1	Ж.З.
1	Ж.ж.з.
1	Ж.ж.
1	ж.д.у.
1	ж.б.с.у.
1	ж.б.д.у.
1	ж.б.д.о.
1	Ж.А.Г.
1	Е.ш.
1	Е.Ф.
1	Е.Г.
1	Е.Б.
1	Д.Ю.
1	д.т.н.
1	Д.т.
1	Д.с.
1	Д.Р.
1	Д.П.
1	Д.Л.
1	Д.К.
1	Д.Ж.
1	Д.Д.
1	Д.г.
1	Д.В.
1	Г.ф.э.
1	Г.ф.
1	Г.с.х.
1	Г.К.
1	Г.к.
1	г.и.д.
1	Г.З.
1	В.э.
1	В.Ц.
1	В.к.
1	в.Ж.
1	В.Е.
1	В.Б.
1	Б.э.
1	Б.т.к.ж.
1	б.с.
1	Б.Р.
1	Б.о.
1	б.и.д.
1	Б.И.
1	Б.Д.
1	Б.д.
1	Б.г.
1	Б.Б.
1	А.Ш.
1	А.Ч.
1	А.х.
1	А.ф.
1	А.у.
1	А.Р.Ж.
1	А.р.
1	А.Н.К.Л.
1	а.к.
1	А.И.Р.
1	А.и.
1	А.З.
1	а.г.
1	а.а.с.а.
